Fiscal.Year.2015,Region,A.1,A.2,A.3,B.1,B.1.2,B.2,B.1.2.BCC,B.1.2.BCV,C.1,C.1.D,C.2,C.3,CW.1,CW.2,D,E.1,E.2,E.2C,E.3,E.3D,E.3R,F.1,F.2,F.3,G.1,G.2,G.3,G.4,G.5,H.1B,H.1B1,H.1C,H.2A,H.2B,H.3,H.4,I,J.1,J.2,K.1,K.2,K.3,K.4,L.1,L.2,M.1,M.2,M.3,NATO.1,NATO.2,NATO.3,NATO.4,NATO.5,NATO.6,NATO.7,N.8,N.9,O.1,O.2,O.3,P.1,P.2,P.3,P.4,Q.1,R.1,R.2,S.5,S.6,S.7,T.N,T.D,T.1,T.2,T.3,T.4,T.5,T.6,U.1,U.2,U.3,U.4,U.5,Total.Visas,BCC,Grand.Total
Algeria,Africa,88,360,0,11,12085,19,0,0,10,3,0,1,0,0,53,0,0,0,0,0,0,223,8,0,55,95,0,47,0,10,0,0,0,0,104,102,24,225,23,62,2,0,0,15,30,12,0,0,0,0,0,0,0,0,0,0,0,0,0,0,16,0,1,0,1,0,0,0,0,0,0,4,0,0,0,0,0,0,0,0,0,0,0,13689,0,13689
Angola,Africa,78,105,1,2,7611,1102,0,0,5,139,0,0,0,0,2,0,0,0,0,0,0,947,51,0,84,167,0,11,2,3,0,0,0,0,5,10,19,54,8,2,0,0,0,50,81,12,1,0,0,0,0,0,0,0,0,0,0,5,1,0,0,0,5,0,0,1,1,0,0,0,0,0,0,0,0,0,0,0,0,0,0,0,0,10565,0,10565
Benin,Africa,31,116,0,3,1519,5,0,0,5,1,0,0,0,0,4,0,0,0,0,0,0,262,2,0,15,58,0,47,1,7,0,0,0,0,0,3,4,47,7,9,0,0,0,3,1,0,0,0,0,0,0,0,0,0,0,0,0,2,0,0,0,0,0,0,0,3,0,0,0,0,0,0,0,0,0,0,0,0,0,0,0,0,0,2155,0,2155
Botswana,Africa,15,97,1,22,1053,1,0,0,4,6,0,1,0,0,0,0,0,0,0,0,0,77,5,0,20,39,0,12,3,8,0,0,0,0,0,4,0,97,2,4,0,0,0,3,0,7,0,0,0,0,0,0,0,0,0,0,0,1,0,0,0,0,0,0,20,0,0,0,0,0,0,0,0,0,0,0,0,0,0,0,0,0,0,1502,0,1502
"Burkina Faso",Africa,11,96,1,6,4276,29,0,0,6,0,1,11,0,0,4,0,1,0,0,0,0,689,6,0,9,106,3,48,6,7,0,0,0,0,1,0,17,58,10,8,0,1,0,1,0,3,0,0,0,0,0,0,0,0,0,0,0,1,0,0,8,0,0,0,0,0,0,0,0,0,0,0,0,0,0,0,0,0,0,0,0,0,0,5424,0,5424
Burundi,Africa,19,51,0,0,899,0,0,0,11,0,0,4,0,0,0,0,0,0,0,0,0,121,4,0,9,54,0,102,0,4,0,0,0,0,0,0,5,29,0,3,1,0,0,1,0,0,0,0,0,0,0,0,0,0,0,0,0,4,0,0,0,0,5,0,0,1,0,0,0,0,0,0,0,0,0,0,0,0,0,0,0,0,0,1327,0,1327
"Cabo Verde",Africa,7,41,0,1,3188,4,0,0,1,75,0,0,0,0,1,0,0,0,0,0,0,59,4,0,1,15,0,5,2,1,0,0,0,0,0,0,2,12,0,81,11,0,0,0,0,7,0,0,0,0,0,0,0,0,0,0,0,2,0,0,1,0,13,0,0,2,0,0,0,0,0,0,0,0,0,0,0,0,0,0,0,0,0,3536,0,3536
Cameroon,Africa,40,324,2,15,8186,2,0,0,13,9,0,21,0,0,2,0,4,0,0,0,0,713,23,0,16,106,0,133,3,56,0,0,0,0,1,9,3,161,22,133,13,0,0,20,27,5,0,0,0,0,0,0,0,0,0,0,0,2,3,0,9,1,1,0,1,7,0,0,0,0,0,0,0,0,2,0,0,0,0,1,0,0,0,10089,0,10089
"Central African Republic",Africa,19,13,0,0,150,0,0,0,2,0,0,0,0,0,0,0,0,0,0,0,0,12,0,0,30,45,0,5,0,0,0,0,0,0,0,0,0,6,2,1,0,0,0,0,0,0,0,0,0,0,0,0,0,0,0,0,0,0,0,0,0,0,0,0,0,0,0,0,0,0,0,0,0,0,0,0,0,0,0,0,0,0,0,285,0,285
Chad,Africa,40,107,1,26,850,1,0,0,2,0,0,0,0,0,0,0,0,0,0,0,0,39,0,0,78,118,0,42,1,0,0,0,0,0,0,0,10,34,0,1,0,0,0,1,0,1,0,0,0,0,0,0,0,0,0,0,0,0,0,0,0,0,0,0,0,0,0,0,0,0,0,0,0,0,0,0,0,0,0,0,0,0,0,1352,0,1352
Comoros,Africa,4,15,1,3,72,0,0,0,0,0,0,0,0,0,0,0,0,0,0,0,0,0,0,0,8,19,0,11,0,0,0,0,0,0,0,0,0,8,1,0,0,0,0,0,2,0,0,0,0,0,0,0,0,0,0,0,0,0,0,0,0,0,0,0,0,0,0,0,0,0,0,0,0,0,0,0,0,0,0,0,0,0,0,144,0,144
"Congo. Dem. Rep. of the Kinshasa",Africa,27,173,0,73,5339,8,0,0,14,3,7,8,0,0,0,0,0,0,0,0,0,667,6,0,21,192,0,78,0,11,0,0,0,1,4,2,1,95,17,34,4,0,0,6,9,10,0,0,0,0,0,0,0,0,0,0,0,8,14,1,6,0,0,0,0,11,1,0,0,0,0,0,0,0,0,0,0,0,0,0,0,0,0,6851,0,6851
"Congo. Rep. of the Brazzaville",Africa,27,84,0,3,1268,11,0,0,0,1,0,0,0,0,1,0,0,0,0,0,0,147,1,0,34,57,0,28,0,1,0,0,0,0,2,0,7,26,2,2,0,0,0,2,0,2,0,0,0,0,0,0,0,0,0,0,0,0,0,0,0,0,0,0,0,0,0,0,0,0,0,0,0,0,1,0,0,0,0,0,0,0,0,1707,0,1707
"Cote d'Ivoire",Africa,29,128,5,6,4744,4,0,0,14,10,0,5,0,0,0,0,0,0,0,0,0,403,4,0,22,140,0,76,5,27,0,0,0,0,0,12,11,93,11,42,3,1,0,7,1,1,0,0,0,0,0,0,0,0,0,0,0,1,0,0,1,0,1,0,0,4,1,0,0,0,0,1,0,0,0,0,0,0,0,0,0,0,0,5813,0,5813
Djibouti,Africa,20,98,0,18,375,32,0,0,0,0,0,0,0,0,0,0,0,0,0,0,0,13,0,0,5,31,0,7,0,0,0,0,0,0,0,0,0,7,0,2,0,0,0,0,0,0,0,0,0,0,0,0,0,0,0,0,0,0,0,0,1,0,0,0,0,0,0,0,0,0,0,0,0,0,0,0,0,0,0,0,0,0,0,609,0,609
Egypt,Africa,164,1533,41,259,46433,118,0,0,14,914,4,25,0,0,33,0,107,0,0,1,0,1363,259,0,56,249,0,215,1,256,0,0,14,0,1,234,92,1407,585,139,0,2,0,231,334,108,0,0,0,0,0,0,0,0,0,3,0,24,0,24,3,0,4,0,0,24,32,0,0,0,0,11,0,0,0,0,0,0,0,0,0,0,0,55317,0,55317
"Equatorial Guinea",Africa,35,65,0,0,708,4,0,0,4,1,0,2,0,0,0,0,0,0,0,0,0,135,2,0,19,68,1,17,3,0,0,0,0,0,4,1,0,7,0,0,0,0,0,9,8,1,0,0,0,0,0,0,0,0,0,0,0,0,0,0,2,0,0,0,0,0,0,0,0,0,0,0,0,0,0,0,0,0,0,0,0,0,0,1096,0,1096
Eritrea,Africa,1,4,19,95,2423,5,0,0,2,0,0,0,0,0,3,0,0,0,0,0,0,160,8,0,0,8,0,11,0,2,0,0,0,0,0,0,0,4,0,59,3,0,0,1,0,0,0,0,0,0,0,0,0,0,0,0,0,0,0,0,0,0,0,0,0,2,0,0,0,0,0,0,0,0,0,0,0,0,0,0,0,0,0,2810,0,2810
Ethiopia,Africa,65,144,16,167,10811,8,0,0,61,387,0,0,0,0,504,2,8,0,0,0,0,953,46,0,51,116,3,467,8,45,0,0,0,0,0,27,9,206,50,223,12,1,0,10,19,4,0,0,0,0,0,0,0,0,0,0,0,4,0,0,78,0,56,0,0,9,2,0,0,0,0,1,0,0,0,0,0,0,0,0,0,0,0,14573,0,14573
Gabon,Africa,33,116,2,1,1463,8,0,0,1,0,0,4,0,0,3,0,0,0,0,0,0,164,5,0,22,50,0,6,0,6,0,0,0,0,0,7,2,44,1,1,0,0,0,2,4,0,0,0,0,0,0,0,0,0,0,0,0,0,0,0,0,0,1,0,0,0,0,0,0,0,0,0,0,0,0,0,0,0,0,0,0,0,0,1946,0,1946
"Gambia, The",Africa,7,63,1,1,841,0,0,0,5,0,1,0,0,0,4,0,0,0,0,0,0,79,2,0,5,114,1,33,1,1,0,0,0,0,0,0,7,24,0,29,5,1,2,1,0,0,0,0,0,0,0,0,0,0,0,0,0,0,0,0,0,0,0,0,0,0,0,0,0,0,0,0,0,0,0,0,0,0,0,0,0,0,0,1228,0,1228
Ghana,Africa,30,418,10,52,8688,26,0,0,12,125,0,21,0,0,1,0,0,0,0,0,0,774,69,0,30,259,0,177,6,118,0,0,0,0,12,41,25,386,30,172,18,3,2,21,8,9,0,0,0,0,0,0,0,0,0,0,0,2,2,0,14,0,27,5,0,49,18,0,0,0,0,0,0,0,0,0,0,0,0,0,0,0,0,11660,0,11660
Guinea,Africa,12,54,0,48,1609,144,0,0,2,1,1,0,0,0,0,0,0,0,0,0,0,70,1,0,14,70,0,26,0,3,0,0,0,0,0,3,16,34,2,52,5,0,0,1,0,0,0,0,0,0,0,0,0,0,0,0,0,1,0,0,10,0,24,2,0,0,0,0,0,0,0,0,0,0,0,0,0,0,0,0,0,0,0,2205,0,2205
Guinea-Bissau,Africa,0,6,0,0,74,5,0,0,0,0,0,0,0,0,0,0,0,0,0,0,0,3,1,0,5,62,0,7,0,1,0,0,0,0,0,0,2,8,0,1,0,0,0,0,1,0,0,0,0,0,0,0,0,0,0,0,0,0,0,0,0,0,0,0,0,0,0,0,0,0,0,0,0,0,0,0,0,0,0,0,0,0,0,176,0,176
Kenya,Africa,56,1425,10,55,16408,11,0,0,88,520,0,9,0,0,2,0,2,0,0,0,0,1189,47,0,31,580,0,537,10,157,0,0,0,0,0,49,32,425,31,162,37,0,0,37,25,21,0,0,0,0,0,0,0,0,0,0,0,3,0,3,47,0,13,2,0,40,18,0,0,0,0,1,0,0,4,0,0,0,1,0,1,1,0,22090,0,22090
Lesotho,Africa,8,17,0,0,188,0,0,0,1,1,0,6,0,0,0,0,0,0,0,0,0,17,0,0,2,42,0,10,1,0,0,0,0,0,0,0,1,22,0,1,0,0,0,0,0,0,0,0,0,0,0,0,0,0,0,0,0,0,0,0,0,0,0,0,1,0,0,0,0,0,0,0,0,0,0,0,0,0,0,0,0,0,0,318,0,318
Liberia,Africa,28,116,0,52,3821,1,0,0,4,0,0,7,0,0,0,0,0,0,0,0,0,126,10,0,7,107,0,35,0,0,0,0,0,0,0,0,4,93,8,94,23,1,0,0,0,0,0,0,0,0,0,0,0,0,0,0,0,0,2,0,0,0,0,0,0,3,2,0,0,0,0,0,0,0,0,0,0,0,0,1,0,0,0,4545,0,4545
Libya,Africa,166,51,0,7,1374,8,0,0,2,0,0,0,0,0,5,0,0,0,0,0,0,763,591,0,88,44,0,16,0,22,0,0,0,0,2,31,0,54,33,5,0,0,0,15,20,4,1,0,0,0,0,0,0,0,0,0,0,0,0,0,0,0,0,0,0,0,0,0,0,0,0,1,0,0,0,0,0,0,0,0,0,0,0,3303,0,3303
Madagascar,Africa,23,69,0,7,931,1,0,0,114,0,0,1,0,0,298,0,0,0,0,0,0,95,10,0,33,87,0,114,1,16,0,0,0,0,0,7,0,68,7,5,2,0,0,2,1,13,0,0,0,1,0,0,0,0,0,0,0,1,0,0,1,0,0,0,0,2,0,0,0,0,0,0,0,0,0,0,0,0,0,0,0,0,0,1910,0,1910
Malawi,Africa,21,98,0,1,1146,3,0,0,10,2,0,6,0,0,0,0,0,0,0,0,0,98,18,0,5,167,0,45,0,2,0,0,0,0,1,2,6,88,5,5,0,0,0,6,0,0,0,0,0,0,0,0,0,0,0,0,0,1,0,0,0,0,0,0,0,1,0,0,0,0,0,0,0,0,0,0,0,0,0,0,0,0,0,1737,0,1737
Mali,Africa,25,137,2,14,1637,5,0,0,4,0,0,6,0,0,0,0,0,0,0,0,0,205,3,0,14,125,0,37,1,5,0,0,0,0,0,3,8,75,2,9,1,0,0,0,0,0,0,0,0,0,0,0,0,0,0,0,0,2,0,0,21,0,18,0,0,0,0,0,0,0,0,0,0,0,0,0,0,0,0,0,0,0,0,2359,0,2359
Mauritania,Africa,29,171,0,3,1114,0,0,0,2,0,0,4,0,0,8,0,0,0,0,0,0,66,3,0,14,104,0,36,1,0,0,0,0,0,0,0,7,28,5,2,0,0,0,2,6,0,0,0,0,0,0,0,0,0,0,0,0,0,0,0,0,0,1,1,0,0,0,0,0,0,0,0,0,0,0,0,0,0,0,0,0,0,0,1607,0,1607
Mauritius,Africa,10,26,0,8,2303,53,0,0,3,1019,0,0,0,0,1,0,0,0,0,1,0,71,3,0,11,31,0,26,1,25,0,0,0,0,2,6,2,50,4,5,0,0,0,9,1,5,0,0,0,1,0,0,0,0,0,0,0,2,0,3,0,0,1,2,0,0,0,0,0,0,0,0,0,0,0,0,0,0,0,0,0,0,0,3685,0,3685
Morocco,Africa,67,746,35,63,16870,20,0,0,10,415,0,0,0,0,17,1,14,0,0,0,0,749,11,0,33,142,0,55,9,65,0,0,0,0,3,19,9,583,29,208,2,2,0,20,21,5,0,0,0,0,0,0,0,0,0,1,0,5,1,3,11,0,23,6,42,0,0,0,0,0,0,5,0,0,0,0,0,0,0,0,0,0,0,20320,0,20320
Mozambique,Africa,15,66,2,2,1693,1,0,0,28,6,0,0,0,0,0,0,0,0,0,0,0,84,10,0,19,144,0,73,1,5,0,0,0,0,11,5,13,72,1,6,0,0,0,2,4,2,0,0,0,0,0,0,0,0,0,0,0,2,0,0,7,0,2,1,0,5,0,0,0,0,0,0,0,0,0,0,0,0,0,0,0,0,0,2282,0,2282
Namibia,Africa,25,61,0,17,972,2,0,0,4,29,0,6,0,0,0,0,0,0,0,0,0,35,10,0,18,116,0,9,0,7,0,0,2,1,0,0,4,47,2,2,0,0,0,9,0,7,1,0,0,0,0,0,0,0,0,0,0,2,0,0,0,0,0,0,9,2,1,0,0,0,0,0,0,0,0,0,0,0,0,0,0,0,0,1400,0,1400
Niger,Africa,26,258,4,9,873,0,0,0,2,0,0,1,0,0,0,0,0,0,0,0,0,90,3,0,55,139,0,70,0,2,0,0,0,0,0,1,6,41,4,2,0,0,0,3,0,0,0,0,0,0,0,0,0,0,0,0,0,1,1,0,7,0,0,0,0,0,0,0,0,0,0,0,0,0,0,0,0,0,0,0,1,0,0,1599,0,1599
Nigeria,Africa,149,1342,9,79,136409,7523,0,0,65,84,0,53,0,0,1,0,0,0,0,0,0,6054,552,0,92,236,0,376,1,411,0,0,0,1,17,134,97,785,132,518,35,10,1,192,283,206,0,0,0,0,0,0,0,0,0,0,0,11,0,4,40,0,72,4,0,127,32,0,0,0,0,4,0,0,0,0,0,0,0,0,6,0,0,156147,0,156147
Rwanda,Africa,22,181,1,14,1243,7,0,0,11,2,0,56,0,0,0,0,0,0,0,1,0,422,11,0,7,17,0,48,1,23,0,0,0,0,0,5,4,123,2,28,4,0,0,4,1,2,0,0,0,0,0,0,0,0,0,0,0,0,0,0,0,0,1,0,0,3,0,0,0,0,0,1,0,0,0,0,0,0,0,0,0,0,0,2245,0,2245
"Sao Tome and Principe",Africa,10,15,0,0,34,0,0,0,0,0,0,0,0,0,0,0,0,0,0,0,0,0,0,0,1,21,0,3,0,1,0,0,0,0,0,0,0,4,0,0,0,0,0,0,0,1,0,0,0,0,0,0,0,0,0,0,0,0,0,0,0,0,0,0,0,0,0,0,0,0,0,0,0,0,0,0,0,0,0,0,0,0,0,90,0,90
Senegal,Africa,53,225,4,3,3379,8,0,0,4,2,0,9,0,0,24,0,2,0,0,0,0,259,2,0,48,148,1,178,13,38,0,0,0,0,0,8,15,150,8,36,4,1,0,7,3,0,0,0,0,0,0,0,0,0,0,0,0,2,12,0,3,0,30,1,0,1,0,0,0,0,0,1,0,1,1,0,0,0,0,0,0,0,0,4684,0,4684
Seychelles,Africa,0,22,0,18,141,6,0,0,1,10,0,0,0,0,0,0,0,0,0,0,0,4,0,0,1,22,0,4,0,0,0,0,0,0,0,0,0,4,1,1,0,0,0,0,1,0,0,0,0,0,0,0,0,0,0,0,0,0,0,0,0,0,0,0,0,0,0,0,0,0,0,0,0,0,0,0,0,0,0,0,0,0,0,236,0,236
"Sierra Leone",Africa,21,130,1,54,1363,74,0,0,4,1,0,2,0,0,0,0,0,0,0,0,0,54,2,0,15,39,0,54,0,5,0,0,0,0,0,1,5,54,1,61,5,0,0,2,3,0,0,0,0,0,0,0,0,0,0,0,0,0,0,0,1,0,4,0,0,1,6,0,0,0,0,0,0,0,0,0,0,0,0,0,0,0,0,1963,0,1963
Somalia,Africa,12,13,0,5,185,4,0,0,0,0,0,0,0,0,0,0,0,0,0,0,0,39,1,0,4,12,0,13,0,0,0,0,0,0,0,1,0,10,0,31,0,0,0,1,0,0,0,0,0,0,0,0,0,0,0,0,0,0,0,0,0,0,0,0,0,0,0,0,0,0,0,0,0,0,0,0,0,0,0,0,0,0,0,331,0,331
"South Africa",Africa,104,625,8,361,48432,675,0,0,128,2304,0,24,0,0,2,0,12,0,0,6,0,901,37,0,40,130,0,187,3,268,0,0,1947,1280,4,188,47,2034,68,86,10,1,0,912,605,70,11,0,0,0,0,0,0,0,0,0,0,122,31,35,132,0,68,12,31,31,25,0,0,0,0,0,0,0,0,0,0,0,0,0,0,0,0,61997,0,61997
"South Sudan",Africa,50,17,1,7,282,1,0,0,1,0,0,0,0,0,0,0,0,0,0,0,0,41,0,0,21,83,0,7,0,2,0,0,0,0,0,0,0,64,5,15,2,1,0,0,2,0,0,0,0,0,0,0,0,0,0,0,0,0,0,0,0,0,0,0,0,1,0,0,0,0,0,0,0,0,0,0,0,0,0,0,0,0,0,603,0,603
Sudan,Africa,59,50,79,331,3647,159,0,0,5,0,0,1,0,0,23,0,0,0,0,0,0,255,17,0,65,101,0,80,0,9,0,0,0,0,1,8,7,115,27,16,0,0,0,3,3,12,0,0,0,0,0,0,0,0,0,0,0,2,3,0,0,0,0,0,0,0,0,0,0,0,0,2,0,0,0,0,0,0,0,0,0,0,0,5080,0,5080
Swaziland,Africa,10,17,0,0,314,0,0,0,4,2,0,0,0,0,0,0,0,0,0,0,0,42,2,0,14,62,0,3,0,8,0,0,1,0,0,1,1,25,0,2,0,0,0,3,0,0,0,0,0,0,0,0,0,0,0,0,0,0,0,0,0,0,0,0,0,0,0,0,0,0,0,0,0,0,0,0,0,0,0,0,0,0,0,511,0,511
Tanzania,Africa,71,645,1,88,5589,7,0,0,36,186,0,6,0,0,2,0,0,0,0,0,0,459,21,0,67,391,0,124,4,42,0,0,0,0,0,14,4,203,10,25,2,0,0,9,2,22,0,0,0,0,0,0,0,0,0,0,0,1,0,0,0,0,4,0,1,22,1,0,0,0,0,0,0,0,2,0,0,0,0,0,0,0,0,8061,0,8061
Togo,Africa,30,118,0,6,1534,2,0,0,6,0,0,0,0,0,1,0,0,0,0,0,0,105,1,0,12,28,1,25,1,8,0,0,0,0,0,2,6,42,7,37,4,2,1,0,0,0,0,0,0,0,0,0,0,0,0,0,0,0,0,0,0,0,0,0,0,4,0,0,0,0,0,0,0,0,0,0,0,0,0,0,0,0,0,1983,0,1983
Tunisia,Africa,31,503,2,24,5654,14,0,0,10,241,0,1,0,0,5,0,7,0,0,0,0,320,7,0,16,52,0,69,3,17,0,0,0,0,2,8,6,490,24,34,0,2,0,15,18,10,0,0,0,0,0,0,0,0,0,0,0,4,0,2,0,0,1,0,0,0,0,0,0,0,0,4,0,0,0,0,0,0,0,0,0,0,0,7596,0,7596
Uganda,Africa,34,639,3,9,5293,4,0,0,21,0,0,9,0,0,52,0,0,0,0,0,0,485,14,0,22,248,0,239,5,43,0,0,0,0,0,21,12,257,15,51,9,0,0,13,2,10,0,0,0,0,0,0,0,0,0,0,0,2,1,4,2,0,372,0,2,21,3,0,0,0,0,0,0,0,0,0,0,0,0,0,0,0,0,7917,0,7917
Zambia,Africa,36,265,1,11,2346,10,0,0,18,19,0,12,0,0,1,0,0,0,0,1,0,158,5,0,14,143,0,185,4,11,0,0,0,0,0,8,21,89,5,9,1,0,0,7,3,2,0,0,0,0,0,0,0,0,0,0,0,0,0,0,0,0,0,0,1,8,0,0,0,0,0,0,0,0,0,0,0,0,0,0,0,0,0,3394,0,3394
Zimbabwe,Africa,64,6,12,36,5583,4,0,0,233,0,0,1,0,0,288,0,1,0,0,0,0,496,22,0,43,148,0,261,4,71,0,0,2,1,1,20,11,224,21,12,0,0,0,89,38,5,0,0,0,0,0,0,0,0,0,1,0,7,0,2,8,0,8,0,6,7,6,0,0,0,0,1,0,0,0,0,0,0,0,0,0,0,0,7743,0,7743
Afghanistan,Asia,121,619,0,39,2293,7,0,0,1,0,0,3,0,0,0,0,2,0,0,0,0,243,22,0,32,52,0,107,0,3,0,0,0,0,0,0,15,374,8,186,0,0,0,4,12,9,0,0,0,0,0,0,0,0,0,0,0,0,0,0,2,0,1,0,0,0,0,0,0,0,0,1,0,0,0,0,0,0,0,0,0,0,0,4156,0,4156
Bahrain,Asia,9,239,0,2,3705,540,0,0,1,10,0,0,0,0,2,0,0,0,0,0,0,191,20,0,1,38,0,1,0,8,0,0,0,0,0,7,11,76,10,1,0,0,0,9,3,35,1,0,0,0,0,0,0,0,0,0,0,0,0,0,0,0,1,0,0,0,0,0,0,0,0,0,0,0,0,0,0,0,0,0,0,0,0,4921,0,4921
Bangladesh,Asia,27,814,11,75,15165,42,0,0,39,799,0,53,116,44,1,0,11,0,0,3,0,2161,498,0,83,266,0,332,4,231,0,0,0,0,1,148,53,331,75,19,2,0,0,43,72,16,0,0,0,0,0,0,0,0,0,0,0,3,0,1,0,0,73,2,0,9,2,0,0,0,0,9,0,0,0,0,0,0,1,1,0,0,0,21636,0,21636
Bhutan,Asia,1,105,0,0,562,1,0,0,8,3,0,19,0,0,0,0,0,0,0,0,0,97,12,0,7,47,0,16,4,10,0,0,0,0,0,0,1,34,8,3,0,0,0,0,0,18,2,0,0,0,0,0,0,0,0,0,0,0,0,0,0,0,1,0,0,3,0,0,0,0,0,0,0,0,0,0,0,0,0,0,0,0,0,962,0,962
Brunei,Asia,22,78,3,2,38,0,0,0,0,19,0,7,0,0,0,0,1,0,0,0,0,22,0,0,15,35,0,16,0,3,0,0,0,0,0,1,1,71,1,0,0,0,0,0,0,0,0,0,0,0,0,0,0,0,0,0,0,0,0,0,0,0,0,0,0,0,0,0,0,0,0,0,0,0,0,0,0,0,0,0,0,0,0,335,0,335
Burma,Asia,59,162,1,1483,481,2592,0,0,974,0,0,4,2,0,3177,0,0,0,0,0,0,842,25,0,29,23,0,84,3,27,0,0,0,0,1,7,10,208,3,86,2,0,0,6,4,5,0,0,0,0,0,0,0,0,0,0,0,6,0,0,8,0,17,0,0,16,7,0,0,0,0,0,0,0,0,0,0,0,0,0,3,0,0,10357,0,10357
Cambodia,Asia,15,199,2,53,2307,5,0,0,29,0,0,6,0,0,18,0,1,0,0,0,0,406,4,0,35,95,0,62,2,12,0,0,0,0,0,15,3,180,6,161,6,0,0,5,2,8,0,0,0,0,0,0,0,0,0,0,0,0,0,0,0,0,19,0,0,5,0,0,0,0,0,1,0,0,0,0,0,0,0,0,0,0,0,3662,0,3662
"China . mainland",Asia,593,2432,3,384,2227670,696,0,0,1510,17201,1,857,437,66,339,9,78,16,0,29,0,274460,4532,0,148,571,0,733,7,18306,0,0,0,0,133,4154,1041,38928,14217,1417,182,5,0,5052,5206,2043,19,0,0,0,0,0,0,0,0,0,2,515,116,188,1181,0,691,9,197,60,13,0,0,0,0,122,0,0,2,2,1,0,2,5,3,0,0,2626584,0,2626584
"China . Taiwan",Asia,0,3,0,2,7313,1,0,0,104,2762,0,0,6,0,0,749,382,0,0,3,0,9791,398,0,0,0,0,16,0,1448,0,0,0,0,29,423,124,4409,570,177,3,1,0,477,468,347,14,0,0,0,0,0,0,0,0,0,0,86,140,17,136,0,87,3,0,84,11,0,0,0,0,17,0,0,0,0,0,0,0,0,0,0,0,30601,0,30601
"Hong Kong S.A.R.",Asia,0,1,0,231,54027,8,0,0,8,1608,0,0,6,0,0,1,9,0,0,7,0,3060,78,0,1,0,0,17,0,209,0,0,0,0,4,68,78,958,80,59,7,1,0,137,159,45,1,0,0,0,0,0,0,0,0,0,0,35,162,7,140,0,9,0,37,25,3,0,0,0,0,2,0,0,0,0,0,0,0,0,0,0,0,61288,0,61288
India,Asia,186,2730,62,1055,553385,1278,0,0,1368,30507,1,457,9,1,57,2,34,5,0,161,0,74831,2544,0,83,286,0,1099,32,119952,0,0,0,2,274,102119,257,8179,2018,649,19,14,1,23689,29101,609,7,0,0,1,0,0,0,0,0,1,0,324,207,137,40,0,2065,30,2,840,512,0,0,0,0,67,0,25,46,0,0,0,2,15,43,2,1,961423,0,961423
Indonesia,Asia,126,1901,48,843,48239,72,0,0,153,12314,0,51,2,0,2,2,7,0,0,7,0,2388,179,0,150,349,0,315,8,424,0,0,0,0,23,119,103,1176,243,157,21,1,0,267,357,128,1,0,0,0,0,0,0,0,0,0,0,19,9,10,22,0,16,5,3,22,11,0,0,0,0,3,0,0,0,0,0,0,1,0,0,0,0,70297,0,70297
Iran,Asia,1,0,2,103,27751,1113,0,0,22,15,0,0,0,0,0,0,25,0,0,2,0,3241,555,0,94,261,0,181,1,177,0,0,0,1,2,110,23,820,319,357,14,3,0,37,30,9,0,0,0,0,0,0,0,0,0,0,0,24,12,14,11,0,11,0,1,1,0,0,0,0,0,20,0,0,0,0,0,0,0,0,0,0,0,35363,0,35363
Iraq,Asia,143,597,6,70,10492,73,0,0,3,15,0,0,0,0,0,0,0,0,0,0,0,347,138,0,73,78,0,36,0,13,0,0,0,0,3,7,12,847,382,118,1,1,0,12,13,16,0,0,0,0,0,0,0,0,0,0,0,1,0,0,0,0,1,0,0,1,0,0,0,0,0,0,0,0,0,0,0,0,0,0,0,0,0,13499,0,13499
Israel,Asia,274,3394,0,129,137439,7340,0,0,7,637,0,2,0,0,1,377,44,0,0,7,0,1101,112,0,40,30,0,40,0,532,0,0,0,9,34,433,66,3120,1517,39,3,0,0,945,1562,37,2,0,0,0,0,0,0,0,0,0,0,257,53,157,293,1,59,1,0,54,96,0,0,0,0,4,0,0,0,0,0,0,1,0,0,0,0,160249,0,160249
Japan,Asia,260,8613,0,6,3655,7,0,0,6,3885,0,394,124,21,2,1724,12172,19,0,22,0,17203,726,0,57,83,0,255,1,1146,0,0,1,267,118,593,1183,7218,2693,412,32,3,0,4584,5759,593,5,0,0,1,0,0,0,1,0,0,0,467,60,154,614,0,183,27,193,81,46,0,0,0,0,31,0,0,0,0,0,0,0,0,0,0,0,75700,0,75700
Jordan,Asia,31,1764,12,44,37453,62,0,0,3,167,0,63,0,0,14,11,35,0,0,0,0,1649,197,0,18,59,0,144,0,213,0,0,0,0,4,170,24,936,154,63,1,4,0,65,73,15,0,0,0,0,0,0,0,0,0,0,0,8,1,3,0,0,0,0,0,4,8,0,0,0,0,3,0,0,0,0,0,0,0,0,0,0,0,43475,0,43475
"Korea. North",Asia,0,0,0,0,46,0,0,0,0,0,0,0,0,0,0,0,0,0,0,0,0,1,0,0,0,0,42,0,0,0,0,0,0,0,0,0,0,0,0,0,0,0,0,0,0,0,0,0,0,0,0,0,0,0,0,0,0,0,0,0,0,0,0,0,0,0,0,0,0,0,0,0,0,0,0,0,0,0,0,0,0,0,0,89,0,89
"Korea. South",Asia,257,2829,1,96,8004,8,0,0,10,3308,0,73,295,140,1,185,2137,75,0,9,0,27324,3241,0,60,67,0,194,0,2526,0,0,0,11,79,1329,200,9346,4644,297,9,0,0,2034,2546,516,57,0,0,1,0,0,0,0,0,0,0,303,39,130,488,0,86,7,0,225,185,0,0,0,0,26,0,0,3,0,0,0,1,0,0,0,0,73402,0,73402
Kuwait,Asia,49,448,0,4,26866,9,0,0,1,13,0,0,0,0,53,0,0,0,0,0,0,3489,475,0,12,38,0,18,0,8,0,0,0,0,6,0,2,101,30,1,0,0,0,3,2,4,0,0,0,0,0,0,0,0,0,0,0,2,0,0,0,0,0,0,0,0,0,0,0,0,0,0,0,0,0,0,0,0,0,0,0,0,0,31634,0,31634
Laos,Asia,40,145,0,3,1400,0,0,0,0,1,0,13,0,0,0,0,0,0,0,0,0,106,0,0,28,82,0,31,0,1,0,0,0,0,0,0,0,64,1,335,20,0,0,3,5,1,0,0,0,0,0,0,0,0,0,0,0,0,0,0,0,0,3,0,0,23,0,0,0,0,0,0,0,0,0,0,0,0,0,0,0,0,0,2305,0,2305
Lebanon,Asia,2,483,16,63,23271,56,0,0,21,202,0,0,0,0,25,0,4,0,0,0,0,567,16,0,7,41,0,78,0,184,0,0,0,0,0,46,50,598,47,113,4,2,0,53,47,17,1,0,0,0,0,0,0,0,0,0,0,16,0,3,6,0,103,0,0,5,0,0,0,0,0,3,0,0,0,0,0,0,0,0,0,0,0,26150,0,26150
"Macau S.A.R.",Asia,0,0,0,1,3083,0,0,0,2,5,0,0,0,0,0,0,0,0,0,1,0,284,5,0,0,0,0,1,0,14,0,0,0,0,0,1,4,46,1,0,0,0,0,3,2,6,0,0,0,0,0,0,0,0,0,0,0,1,0,1,2,0,0,0,1,0,0,0,0,0,0,0,0,0,0,0,0,0,0,0,0,0,0,3464,0,3464
Malaysia,Asia,92,852,6,808,34821,67,0,0,35,1280,0,9,1,0,2,0,5,0,0,5,0,2558,77,0,31,74,0,73,1,354,0,0,0,0,105,100,83,1051,131,64,3,1,1,607,367,38,1,0,0,0,0,0,0,0,0,0,0,22,12,1,11,0,12,0,0,20,0,0,0,0,0,2,0,0,0,0,0,0,0,0,0,0,0,43783,0,43783
Maldives,Asia,2,58,0,1,115,5,0,0,0,31,0,0,0,0,0,0,0,0,0,0,0,8,0,0,7,34,0,3,0,3,0,0,0,0,0,0,3,25,3,1,0,0,0,0,0,25,1,0,0,0,0,0,0,0,0,0,0,0,0,0,0,0,0,0,0,0,0,0,0,0,0,0,0,0,0,0,0,0,0,0,0,0,0,325,0,325
Mongolia,Asia,43,200,4,4,7883,11,0,0,41,0,0,5,1,0,10,0,15,0,0,0,0,1118,382,0,22,103,0,44,0,19,0,0,0,0,0,16,60,606,36,20,8,0,0,6,13,6,2,0,0,0,0,0,0,0,0,0,0,1,0,0,66,0,33,5,0,9,9,0,0,0,0,0,0,0,0,0,0,0,0,0,2,0,0,10803,0,10803
Nepal,Asia,42,213,10,61,14872,11,0,0,62,175,0,47,12,7,0,0,0,0,0,1,0,4309,336,0,18,88,0,278,8,554,0,0,3,0,0,261,11,278,88,81,4,3,0,38,39,20,0,0,0,0,0,0,0,0,0,0,0,5,1,0,3,0,29,0,0,9,3,0,0,0,0,0,0,1,4,1,0,0,0,1,5,0,0,21992,0,21992
Oman,Asia,50,578,6,8,2306,1853,0,0,0,123,0,0,0,0,3,0,0,0,0,0,0,831,135,0,26,22,0,2,0,7,0,0,0,0,5,6,3,51,8,2,0,0,0,13,26,52,6,0,0,0,0,0,0,0,0,0,0,0,0,0,0,0,0,0,0,0,0,0,0,0,0,0,0,0,0,0,0,0,0,0,0,0,0,6122,0,6122
Pakistan,Asia,145,1650,21,99,62714,218,0,0,24,706,0,6,0,0,6,13,140,0,0,4,0,2157,208,0,77,131,0,465,10,609,0,0,0,0,4,666,81,2287,425,466,6,8,0,207,279,21,1,0,0,0,0,0,0,0,0,0,0,17,7,18,30,0,116,3,0,8,30,0,0,0,0,58,0,0,0,0,0,0,1,3,4,1,0,74150,0,74150
"Palestinian Authority Travel Document",Asia,0,0,1,108,6478,30,0,0,2,2,0,0,0,0,0,0,0,0,0,0,0,314,37,0,0,1,0,17,0,17,0,0,0,0,0,10,9,260,33,37,3,2,0,8,6,0,0,0,0,0,0,0,0,0,0,0,0,3,0,1,0,0,1,0,0,0,0,0,0,0,0,1,0,0,0,0,0,0,0,0,0,0,0,7381,0,7381
Philippines,Asia,90,1900,294,9069,83139,510,0,0,1261,75718,0,116,2055,347,27,9,86,2,0,2,0,884,69,0,168,102,0,398,135,1432,0,0,16,1697,22,1108,79,7083,148,6658,1327,11,2,947,823,41,0,0,0,0,0,0,0,0,0,0,0,50,116,8,42,0,19,1,0,241,61,0,0,0,0,13,0,57,182,0,0,0,1,0,5,0,0,198571,0,198571
Qatar,Asia,89,670,0,9,7560,1,0,0,0,7,0,1,0,0,0,0,0,0,0,0,0,871,47,0,17,29,0,4,0,0,0,0,0,0,0,1,1,37,5,1,0,0,0,3,1,11,0,0,0,0,0,0,0,0,0,0,0,0,0,0,1,0,0,0,0,0,0,0,0,0,0,0,0,0,0,0,0,0,0,0,0,0,0,9366,0,9366
"Saudi Arabia",Asia,632,6480,81,111,85303,42,0,0,23,0,0,1,0,0,727,0,0,0,0,0,0,28171,8702,0,58,125,0,46,0,64,0,0,0,0,56,109,46,950,747,7,0,0,0,152,372,199,20,0,0,0,0,0,0,0,0,0,0,6,0,4,0,0,0,0,0,1,0,0,0,0,0,0,0,0,0,0,0,0,0,0,0,0,0,133235,0,133235
Singapore,Asia,24,3620,0,64,514,6,0,0,0,1915,0,32,1,0,0,1,49,0,0,10,0,2256,88,0,22,112,0,35,0,333,551,0,0,0,46,287,33,1019,86,28,2,1,0,355,333,100,0,0,0,0,0,0,0,0,0,1,0,17,1,3,3,0,1,0,0,2,0,0,0,0,0,7,0,0,0,0,0,0,0,0,0,0,0,11958,0,11958
"Sri Lanka",Asia,15,163,22,104,10055,41,0,0,102,1530,0,0,3,1,2,0,17,0,0,2,0,877,117,0,43,69,1,112,11,219,0,0,0,0,0,119,3,176,63,20,1,1,0,139,145,79,0,0,0,0,0,0,0,0,0,0,0,3,0,3,1,0,35,0,0,28,4,0,0,0,0,3,0,0,1,0,0,0,0,2,5,0,0,14337,0,14337
Syria,Asia,1,7,11,83,8419,407,0,0,5,69,0,0,0,0,1,0,1,0,0,0,0,333,44,0,62,11,0,56,4,33,0,0,0,0,0,46,12,122,43,186,7,0,0,25,38,7,0,0,0,0,0,0,0,0,0,0,0,1,0,0,4,0,14,0,0,4,4,0,0,0,0,1,0,0,0,0,0,0,0,0,0,0,0,10061,0,10061
Thailand,Asia,36,1091,7,402,44795,27,0,0,79,3328,0,24,15,3,7,24,506,0,0,5,0,4534,37,0,9,269,2,59,6,239,0,0,17,25,2,60,125,6915,100,616,84,1,0,143,96,47,0,0,0,0,0,0,0,1,0,0,0,33,0,4,14,0,20,1,5,97,0,0,0,0,0,8,0,11,21,0,0,0,0,1,1,0,0,63952,0,63952
Timor-Leste,Asia,1,28,0,0,61,2,0,0,0,0,0,0,0,0,0,0,0,0,0,0,0,9,0,0,2,39,0,1,0,0,0,0,0,0,0,0,2,19,0,0,0,0,0,0,0,0,0,0,0,0,0,0,0,0,0,0,0,0,0,0,0,0,0,0,0,1,0,0,0,0,0,0,0,0,0,0,0,0,0,0,0,0,0,165,0,165
"United Arab Emirates",Asia,98,1335,2,5,17175,10,0,0,0,0,0,1,0,0,124,0,0,0,0,0,0,1350,104,0,3,47,0,1,0,1,0,0,0,0,1,0,2,75,17,0,0,0,0,6,10,35,0,0,0,0,0,0,0,0,0,0,0,1,0,0,0,0,0,0,0,0,0,0,0,0,0,0,0,0,0,0,0,0,0,0,0,0,0,20403,0,20403
Vietnam,Asia,251,828,1,84,80936,583,0,0,175,1017,0,47,0,0,2,0,8,0,0,2,0,17674,174,0,71,216,0,282,4,457,0,0,0,0,18,134,145,1367,184,1501,196,1,0,184,170,201,0,0,0,0,0,0,0,0,0,0,0,20,7,8,3,0,73,3,0,164,3,0,0,0,0,2,0,3,6,0,0,0,0,0,0,0,0,107205,0,107205
Yemen,Asia,23,144,13,60,3007,15,0,0,0,24,0,0,1,0,0,0,1,0,0,0,0,747,188,0,40,53,0,76,0,0,0,0,0,0,2,2,3,53,20,12,0,6,3,5,17,10,0,0,0,0,0,0,0,0,0,0,0,0,0,0,0,0,0,0,0,0,0,0,0,0,0,0,0,0,0,0,0,0,0,0,0,0,0,4525,0,4525
Albania,Europe,11,130,0,15,6836,8,0,0,15,46,0,0,0,0,20,0,6,0,0,0,0,509,11,0,1,29,0,36,0,56,0,0,0,0,0,7,33,253,13,113,9,1,0,15,14,1,0,0,0,7,0,0,0,0,0,0,0,6,1,0,10,0,45,0,0,3,0,0,0,0,0,0,0,0,0,0,0,0,0,0,0,0,0,8260,0,8260
Andorra,Europe,0,0,0,0,0,0,0,0,0,0,0,0,0,0,0,0,0,0,0,0,0,8,0,0,2,4,0,1,0,1,0,0,0,0,0,0,0,8,0,0,0,0,0,1,0,1,0,0,0,0,0,0,0,0,0,0,0,0,1,0,0,0,0,0,0,0,0,0,0,0,0,0,0,0,0,0,0,0,0,0,0,0,0,27,0,27
Armenia,Europe,36,173,0,11,6842,8,0,0,10,0,0,2,0,0,4,0,7,0,0,0,0,148,25,0,15,43,0,132,3,53,0,0,0,0,0,28,19,240,17,161,7,0,0,18,20,4,0,0,0,0,0,0,0,0,0,0,0,19,27,5,26,1,180,0,0,5,2,0,0,0,0,1,0,0,0,0,0,0,0,0,0,0,0,8292,0,8292
Austria,Europe,40,259,2,176,1241,2,0,0,1,801,0,0,0,0,0,5,178,0,0,0,0,736,8,0,16,23,6,94,1,138,0,0,0,16,4,26,197,2164,77,46,0,0,0,423,223,68,0,0,0,0,0,0,0,0,0,0,0,115,23,16,192,0,13,7,6,8,5,0,0,0,0,0,0,0,0,0,0,0,0,0,0,0,0,7356,0,7356
Azerbaijan,Europe,36,327,0,23,5507,3,0,0,289,180,0,8,0,0,66,0,12,0,0,0,0,337,21,0,37,87,0,77,0,38,0,0,0,0,1,12,22,276,48,15,0,0,0,26,21,3,0,0,0,0,0,0,0,0,0,0,0,5,3,0,7,0,18,1,0,0,0,0,0,0,0,1,0,0,0,0,0,0,0,0,0,0,0,7507,0,7507
Belarus,Europe,16,34,0,28,11841,10,0,0,3,640,0,0,0,0,16,0,2,0,0,0,0,260,14,0,35,99,0,87,1,89,0,0,0,0,0,78,17,623,28,102,19,1,0,165,167,1,0,0,0,0,0,0,0,0,0,1,0,25,0,5,70,0,9,13,0,2,0,0,0,0,0,4,0,0,0,0,0,0,0,0,0,0,0,14505,0,14505
Belgium,Europe,20,195,1,34,1168,1,0,0,0,546,0,4,0,0,0,19,246,0,0,2,0,988,19,0,12,69,20,158,0,162,0,0,0,1,3,62,171,1361,168,52,1,0,0,423,350,98,0,0,1,254,0,19,0,1,0,0,0,129,107,28,116,1,4,4,1,3,0,0,0,0,0,2,0,0,0,0,0,0,0,0,0,0,0,7024,0,7024
"Bosnia and Herzegovina",Europe,14,125,0,16,3973,1,0,0,7,858,0,0,0,0,4,2,6,0,0,0,0,170,0,0,8,35,0,45,0,29,0,0,0,0,1,14,10,519,15,173,5,0,0,14,13,1,0,0,0,0,0,0,0,0,0,0,0,6,0,0,3,0,40,0,0,6,8,0,0,0,0,0,0,0,0,0,0,0,0,0,0,0,0,6121,0,6121
Bulgaria,Europe,25,75,1,96,10920,14,0,0,5,1726,0,0,1,0,1,0,100,0,0,0,0,301,15,0,12,30,2,64,2,204,0,0,3,201,1,39,23,6358,33,121,12,0,0,86,57,12,1,0,0,158,0,0,0,0,0,0,0,44,8,9,68,0,16,4,0,0,3,0,0,0,0,3,0,0,0,0,0,0,0,0,0,0,0,20854,0,20854
Croatia,Europe,31,128,1,142,10673,441,0,0,36,3240,0,3,1,0,0,1,20,0,0,0,0,281,3,0,10,50,7,58,0,58,0,0,0,17,0,12,30,780,35,43,2,0,0,82,46,7,0,0,0,13,0,0,0,0,0,1,0,36,5,8,33,0,28,4,0,6,0,0,0,0,0,1,0,0,0,0,0,0,0,0,0,0,0,16373,0,16373
Cyprus,Europe,19,25,0,30,3899,4,0,0,1,94,0,0,0,0,1,0,0,0,0,0,0,183,7,0,3,19,2,8,0,37,0,0,0,0,0,3,3,88,9,4,1,0,0,11,7,2,0,0,0,0,0,0,0,0,0,0,0,15,1,0,0,0,5,0,0,0,0,0,0,0,0,0,0,0,0,0,0,0,0,0,0,0,0,4481,0,4481
"Czech Republic",Europe,41,342,0,272,1334,63,0,0,0,324,0,8,2,4,0,1,74,0,0,0,0,544,7,0,9,95,2,23,1,86,0,0,0,26,0,19,51,3414,87,34,0,0,0,271,188,2,0,0,0,31,0,11,0,0,0,1,0,49,4,9,292,0,0,5,0,3,0,0,0,0,0,3,0,0,0,0,0,0,0,0,0,0,0,7732,0,7732
Denmark,Europe,31,319,2,97,1332,0,0,0,2,573,0,2,0,0,1,8,199,0,0,3,0,1560,14,0,34,111,11,112,1,81,0,0,4,2,6,40,158,2480,250,37,2,1,0,384,414,47,0,0,2,145,0,5,1,3,0,0,0,198,42,68,178,0,12,8,2,13,2,0,0,0,0,2,0,0,0,0,0,0,0,0,0,0,0,8999,0,8999
Estonia,Europe,16,71,0,30,303,2,0,0,1,173,0,0,0,0,0,0,12,0,0,2,0,60,4,0,8,29,0,8,1,16,0,0,0,4,0,7,5,467,19,16,0,0,0,34,44,3,0,0,0,95,0,0,0,0,0,0,0,13,0,2,59,0,9,0,0,0,0,0,0,0,0,1,0,0,0,0,0,0,0,0,0,0,0,1514,0,1514
Finland,Europe,23,394,0,281,480,11,0,0,0,517,0,0,0,0,0,10,98,0,0,5,0,488,32,0,18,84,4,91,1,82,0,0,0,2,1,52,100,1218,192,35,0,0,0,337,421,28,4,0,0,0,0,0,0,0,0,0,0,82,11,38,144,2,8,9,15,7,0,0,0,0,0,2,0,0,0,0,0,0,0,0,0,0,0,5327,0,5327
France,Europe,208,1402,6,322,3920,66,0,0,7,4143,0,14,0,0,10,155,3248,0,0,25,0,7239,115,0,81,63,48,794,3,1594,0,0,1,8,62,483,611,13677,1030,232,17,2,0,2632,3119,301,4,0,1,130,0,23,0,1,0,0,0,789,212,300,726,1,78,22,327,88,22,0,0,0,0,16,0,0,0,0,0,0,0,0,0,0,0,48378,0,48378
Georgia,Europe,41,462,1,16,6816,10,0,0,10,306,0,0,0,0,0,0,3,0,0,0,0,264,17,0,3,71,0,54,2,40,0,0,0,0,0,9,36,469,19,39,6,0,0,11,15,0,0,0,0,0,0,0,0,0,0,0,0,10,0,0,71,0,18,2,0,1,0,0,0,0,0,1,0,0,0,0,0,0,0,0,0,0,0,8823,0,8823
Germany,Europe,207,1285,8,510,8906,26,0,0,14,6307,0,31,2,0,2,1426,4321,1,0,20,0,8512,97,0,80,203,36,491,12,1091,0,0,0,3,81,312,986,21558,778,325,13,2,2,2749,1754,484,24,0,0,735,0,26,23,387,0,0,2,650,207,133,699,0,44,10,147,52,2,0,0,0,0,19,0,0,0,0,0,0,2,0,1,0,0,65798,0,65798
"Great Britain and Northern Ireland",Europe,120,3351,11,1811,21731,203,0,0,24,9100,0,67,0,0,3,204,2935,5,0,78,0,4971,147,0,51,80,21,644,0,2111,0,0,46,1412,31,962,1879,19671,389,1166,33,3,0,6064,4678,563,41,0,3,596,0,15,0,22,0,1,0,2630,1526,593,2845,48,233,61,100,142,59,0,0,0,0,34,0,0,0,0,0,0,1,0,1,0,0,93516,0,93516
Greece,Europe,54,116,0,54,1244,0,0,0,1,2801,0,2,0,0,2,26,2,0,0,10,0,859,16,0,20,44,15,45,0,338,0,0,0,2,3,55,16,799,107,38,2,0,0,108,60,8,0,0,0,109,0,15,0,3,0,0,0,85,8,14,38,0,200,0,1,9,7,0,0,0,0,3,0,0,0,0,0,0,0,0,0,0,0,7339,0,7339
Hungary,Europe,70,105,0,56,523,2,0,0,3,466,0,3,0,0,0,0,6,0,0,3,0,335,14,0,21,129,6,49,0,113,0,0,4,52,4,63,23,2162,108,44,2,0,0,267,245,13,3,0,0,108,0,6,0,2,0,0,0,72,7,21,196,1,58,8,0,28,3,0,0,0,0,2,0,0,0,0,0,0,0,0,0,0,0,5406,0,5406
Iceland,Europe,5,15,0,0,700,0,0,0,0,545,0,0,0,0,0,0,0,0,0,0,0,231,52,0,4,15,0,18,1,36,0,0,0,0,0,28,2,157,35,4,0,1,0,26,48,20,5,0,0,1,0,0,0,0,0,0,0,37,5,16,41,0,0,0,0,0,0,0,0,0,0,0,0,0,0,0,0,0,0,0,0,0,0,2048,0,2048
Ireland,Europe,43,150,0,167,1706,31,0,0,0,858,0,3,0,0,0,95,300,0,0,9,0,581,8,0,11,27,1,93,0,597,0,0,65,187,25,125,168,10500,99,137,7,0,0,885,628,52,5,0,0,4,0,0,0,0,0,0,0,231,65,33,357,5,299,8,8,23,7,0,0,0,0,3,0,0,0,0,0,0,0,0,0,0,0,18606,0,18606
Italy,Europe,97,430,2,511,3855,26,0,0,11,2910,0,14,0,0,1,325,1926,0,0,11,0,4151,84,0,39,133,56,444,1,971,0,0,0,24,47,266,209,7196,390,134,5,0,0,1363,1001,173,0,0,1,446,1,13,2,2,0,0,0,631,135,170,469,3,54,15,267,106,4,0,0,0,0,5,0,0,0,0,0,0,2,0,0,0,0,29132,0,29132
Kazakhstan,Europe,56,262,6,47,14654,167,0,0,53,0,0,0,0,0,68,0,20,0,0,0,0,1284,157,0,47,149,0,51,1,68,0,0,0,0,10,49,41,2504,59,43,10,0,0,70,88,35,0,0,0,0,0,0,0,0,0,0,0,11,1,4,35,0,191,5,0,15,2,0,0,0,0,1,0,0,0,0,0,0,0,0,0,0,0,20264,0,20264
Kosovo,Europe,11,121,0,2,3147,2,0,0,2,0,0,5,0,0,0,0,0,0,0,0,0,96,5,0,0,38,0,20,0,16,0,0,0,0,0,7,15,529,8,109,4,0,0,5,4,0,0,0,0,0,0,0,0,0,0,0,0,1,0,0,6,0,9,0,0,0,0,0,0,0,0,0,0,0,0,0,0,0,0,0,0,0,0,4162,0,4162
Kyrgyzstan,Europe,14,94,0,5,2204,0,0,0,27,0,0,0,0,0,37,0,1,0,0,2,0,145,10,0,16,41,0,117,0,15,0,0,0,0,0,7,9,380,17,43,6,0,0,3,13,0,0,0,0,1,0,0,0,0,0,0,0,2,1,1,13,0,6,3,0,2,0,0,0,0,0,1,0,0,0,0,0,0,0,0,0,0,0,3236,0,3236
Latvia,Europe,17,152,0,1,291,87,0,0,1,964,0,0,0,0,0,1,16,0,0,1,0,118,3,0,2,37,0,13,2,32,0,0,0,1,1,13,3,288,11,17,1,0,0,22,31,4,0,0,3,6,0,0,0,0,0,0,0,37,2,4,76,0,14,0,0,3,0,0,0,0,0,0,0,0,0,0,0,0,0,0,0,0,0,2275,0,2275
Liechtenstein,Europe,2,14,0,1,6,1,0,0,0,3,0,0,0,0,0,0,0,0,0,0,0,11,0,0,0,3,0,0,0,0,0,0,0,0,0,0,0,7,0,0,0,0,0,2,1,3,0,0,0,0,0,0,0,0,0,0,0,1,0,0,0,0,0,0,0,0,0,0,0,0,0,0,0,0,0,0,0,0,0,0,0,0,0,55,0,55
Lithuania,Europe,36,187,1,33,241,1,0,0,1,436,0,0,0,0,0,1,25,0,0,3,0,232,13,0,4,29,0,10,0,37,0,0,0,73,0,15,7,1377,23,29,4,0,0,46,58,3,0,0,1,7,0,3,0,0,0,0,0,47,3,4,24,0,15,8,0,0,0,0,0,0,0,0,0,0,0,0,0,0,0,0,0,0,0,3037,0,3037
Luxembourg,Europe,4,31,0,0,97,0,0,0,0,17,0,0,0,0,0,0,0,0,0,0,0,69,0,0,8,12,1,12,0,9,0,0,0,0,0,4,3,49,3,0,0,0,0,20,10,6,0,0,0,2,0,7,0,0,0,0,0,8,2,2,2,0,0,0,0,0,0,0,0,0,0,0,0,0,0,0,0,0,0,0,0,0,0,378,0,378
Macedonia,Europe,29,135,0,4,3253,4,0,0,3,386,0,0,0,0,0,0,4,0,0,0,0,80,4,0,2,31,0,16,1,25,0,0,0,12,0,6,4,1388,12,54,3,2,0,10,7,3,0,0,0,0,0,0,0,0,0,0,0,5,0,0,2,0,17,0,0,0,3,0,0,0,0,0,0,0,0,0,0,0,0,0,0,0,0,5505,0,5505
Malta,Europe,10,25,0,0,115,1,0,0,0,49,0,0,0,0,0,0,0,0,0,0,0,5,4,0,0,20,1,2,0,4,0,0,0,0,0,1,6,19,1,3,0,0,0,24,7,4,0,0,0,0,0,0,0,0,0,0,0,3,1,0,3,0,0,0,0,3,0,0,0,0,0,0,0,0,0,0,0,0,0,0,0,0,0,311,0,311
Moldova,Europe,4,65,0,23,4259,16,0,0,4,74,0,1,0,0,0,0,3,0,0,0,0,75,9,0,2,16,0,51,1,39,0,0,40,83,1,24,3,2122,5,55,8,0,0,15,23,1,0,0,0,0,0,0,0,0,0,0,0,5,0,2,8,0,5,0,0,1,2,0,0,0,0,0,0,0,0,0,0,0,0,0,0,0,0,7045,0,7045
Monaco,Europe,6,4,0,0,7,0,0,0,0,1,0,0,0,0,0,0,0,0,0,0,0,10,0,0,0,6,0,0,0,2,0,0,0,0,0,1,0,3,0,0,0,0,0,0,0,0,0,0,0,0,0,0,0,0,0,0,0,4,0,0,1,0,0,0,0,0,0,0,0,0,0,0,0,0,0,0,0,0,0,0,0,0,0,45,0,45
Montenegro,Europe,15,102,0,12,3267,1,0,0,1,1537,0,0,0,0,0,0,1,0,0,0,0,104,0,0,7,21,0,2,0,15,0,0,0,3,0,4,6,457,3,10,0,0,0,5,5,1,0,0,0,0,0,0,0,0,0,0,0,7,0,0,5,0,5,1,0,0,0,0,0,0,0,0,0,0,0,0,0,0,0,0,0,0,0,5597,0,5597
Netherlands,Europe,62,481,3,446,3946,10,0,0,0,3644,0,0,0,0,0,27,319,0,0,10,0,1633,39,0,31,209,13,217,2,259,0,0,4,19,8,106,169,3284,198,139,1,1,0,1019,946,171,3,0,0,195,0,8,1,1,0,0,0,283,139,74,385,5,10,4,1,19,4,0,0,0,0,5,0,0,0,0,0,0,0,0,0,0,0,18553,0,18553
Norway,Europe,39,203,0,71,1748,2,0,0,2,987,0,1,0,0,0,8,170,0,0,0,0,2283,36,0,19,37,0,55,0,56,0,0,0,1,6,20,143,1704,175,34,3,0,0,238,201,149,8,0,2,194,0,26,0,1,0,0,0,105,39,19,144,0,13,0,128,17,13,0,0,0,0,6,0,0,0,0,0,0,0,0,0,0,0,9106,0,9106
Poland,Europe,58,357,0,707,81861,30,0,0,41,2955,0,5,0,0,0,12,101,0,0,2,0,657,20,0,15,68,11,56,2,252,0,0,2,73,4,108,154,4959,235,136,7,0,0,561,413,36,0,0,1,427,0,22,1,48,0,0,0,120,29,17,328,0,122,5,16,58,1,0,0,0,0,4,0,0,0,0,0,0,0,0,0,0,0,95097,0,95097
Portugal,Europe,15,82,2,70,1399,7,0,0,1,1323,0,4,1,0,0,1,34,0,0,1,0,523,26,0,14,62,5,59,2,188,0,0,0,9,0,48,65,752,63,33,3,0,0,279,228,37,0,0,4,74,0,0,0,1,0,0,0,71,60,22,107,0,14,5,0,4,2,0,0,0,0,4,0,0,0,0,0,0,0,0,0,0,0,5704,0,5704
Romania,Europe,66,277,4,1124,30599,29,0,0,62,6516,0,6,0,0,2,0,47,0,0,6,0,418,32,0,27,145,6,117,3,227,0,0,190,361,6,88,40,5886,55,196,20,3,1,238,154,6,0,0,1,161,0,3,0,4,0,0,0,52,4,17,40,0,88,4,0,6,8,0,0,0,0,7,0,0,0,0,0,0,0,0,0,0,0,47352,0,47352
Russia,Europe,297,1576,2,489,122147,146,0,0,103,16300,0,19,8,0,13,1,21,4,0,4,0,4987,303,0,310,462,0,692,2,690,0,0,0,7,15,539,434,4182,300,577,105,1,0,1088,1145,54,5,0,0,0,0,0,0,0,0,0,0,365,20,108,1976,1,210,74,0,89,12,0,0,0,0,12,0,0,0,0,0,0,1,0,0,0,0,159896,0,159896
"San Marino",Europe,11,0,0,0,0,0,0,0,0,0,0,0,0,0,0,0,0,0,0,0,0,2,0,0,0,3,0,1,0,0,0,0,0,0,0,2,0,3,0,1,0,0,0,0,0,1,0,0,0,0,0,0,0,0,0,0,0,0,0,0,1,0,0,0,0,0,0,0,0,0,0,0,0,0,0,0,0,0,0,0,0,0,0,25,0,25
"Serbia  ",Europe,17,99,0,116,11822,221,0,0,20,1753,0,0,0,0,0,0,13,0,0,2,0,734,9,0,11,51,0,60,2,193,0,0,0,177,2,54,38,3589,31,72,8,0,0,81,54,5,0,0,0,0,0,0,0,0,0,0,0,82,2,10,23,2,43,5,0,1,4,0,0,0,0,5,0,0,0,0,0,0,0,0,0,0,0,19411,0,19411
Slovakia,Europe,13,127,1,16,688,1,0,0,1,338,0,0,0,0,0,0,44,0,0,0,0,307,5,0,9,42,3,17,0,68,0,0,0,46,2,24,10,3377,30,23,1,0,0,132,115,4,3,0,0,84,0,1,0,1,0,0,0,32,1,1,39,0,4,5,1,11,4,0,0,0,0,1,0,0,0,0,0,0,0,0,0,0,0,5632,0,5632
Slovenia,Europe,10,12,0,23,471,0,0,0,0,119,0,0,0,0,0,1,28,0,0,0,0,150,9,0,9,34,5,15,0,29,0,0,0,5,1,11,18,253,27,4,0,0,0,34,19,4,0,0,0,31,0,1,0,0,0,0,0,19,4,1,69,0,13,1,0,0,0,0,0,0,0,0,0,0,0,0,0,0,0,0,0,0,0,1430,0,1430
Spain,Europe,91,481,4,51,4371,54,0,0,7,2102,0,11,0,0,1,89,1946,0,0,5,0,4372,126,0,49,125,28,556,10,891,0,0,2,58,14,301,308,8852,1154,143,5,1,0,1328,1352,103,1,0,1,167,0,9,0,1,0,0,0,475,115,143,365,0,152,29,33,47,22,0,0,0,0,27,0,0,0,0,0,0,2,0,0,0,0,30580,0,30580
Sweden,Europe,55,883,4,220,1140,174,0,0,5,733,0,2,0,0,1,23,591,0,0,11,0,2385,34,0,33,131,15,130,1,221,0,0,1,16,8,92,172,2941,272,89,1,1,0,607,630,162,8,0,0,1,0,0,0,0,0,0,0,281,139,76,384,1,14,13,0,19,9,0,0,0,0,4,0,0,0,0,0,0,0,0,0,0,0,12733,0,12733
Switzerland,Europe,33,391,1,186,2490,24,0,0,3,741,0,5,0,0,0,7,201,0,0,1,0,3361,38,0,29,11,1,146,0,176,0,0,2,3,6,78,194,1575,150,31,3,1,3,410,364,205,21,0,0,0,0,0,0,0,0,0,0,125,20,35,186,0,3,0,0,19,0,0,0,0,0,3,0,0,0,0,0,0,0,0,0,0,0,11282,0,11282
Tajikistan,Europe,18,106,0,1,1148,3,0,0,3,0,0,0,0,0,0,0,0,0,0,0,0,129,11,0,24,44,0,78,0,12,0,0,0,0,0,8,2,241,18,11,0,0,0,0,0,1,0,0,0,0,0,0,0,0,0,0,0,0,0,0,0,0,2,0,0,0,0,0,0,0,0,0,0,0,0,0,0,0,0,0,0,0,0,1860,0,1860
Turkey,Europe,189,1472,9,110,78118,1265,0,0,20,4170,0,57,0,0,7,55,371,0,0,0,0,7018,346,0,41,410,0,108,6,902,0,0,0,75,5,327,158,8056,870,108,2,1,0,227,166,94,0,0,4,549,0,31,0,2,0,0,0,81,3,24,10,0,5,2,3,13,26,0,0,0,0,3,0,0,0,0,0,0,0,0,0,0,0,105519,0,105519
Turkmenistan,Europe,12,93,0,6,937,0,0,0,0,13,0,0,0,0,0,0,0,0,0,0,0,223,17,0,15,9,0,30,0,14,0,0,0,0,0,17,21,148,3,1,1,0,0,3,5,0,0,0,0,0,0,0,0,0,0,0,0,0,0,0,2,0,0,0,0,0,0,0,0,0,0,0,0,0,0,0,0,0,0,0,0,0,0,1570,0,1570
Ukraine,Europe,74,313,0,267,52943,930,0,0,27,10042,0,1,0,0,1,1,73,0,0,2,0,1163,85,0,35,75,0,153,2,326,0,0,106,55,4,364,76,7087,128,859,205,1,0,565,582,23,0,0,0,1,0,0,0,0,0,0,0,99,3,16,342,0,107,16,0,27,6,0,0,0,0,18,0,0,0,0,0,0,0,0,0,0,0,77203,0,77203
Uzbekistan,Europe,12,199,3,16,8861,7,0,0,6,279,0,0,0,0,3,0,1,0,0,0,0,390,60,0,6,79,0,101,0,39,0,0,0,0,0,31,1,727,24,65,8,0,0,16,39,1,0,0,0,0,0,0,0,0,0,0,0,7,0,6,11,0,33,2,0,2,4,0,0,0,0,1,0,0,0,0,0,0,1,0,2,0,0,11043,0,11043
"Vatican City",Europe,6,21,0,0,6,0,0,0,0,0,0,0,0,0,0,0,0,0,0,0,0,0,0,0,0,1,9,0,0,0,0,0,0,0,0,0,0,1,0,0,0,0,0,0,0,0,0,0,0,0,0,0,0,0,0,0,0,0,0,0,0,0,0,0,0,0,0,0,0,0,0,0,0,0,0,0,0,0,0,0,0,0,0,44,0,44
"Antigua and Barbuda","North America",4,22,0,2,1597,432,0,0,6,16,0,18,0,0,3,0,0,0,0,0,0,67,1,0,3,4,0,6,0,4,0,0,0,2,0,1,1,14,0,4,0,0,0,4,4,8,0,0,0,0,0,0,0,0,0,0,0,2,0,0,7,0,0,0,0,1,0,0,0,0,0,0,0,0,0,0,0,0,0,0,1,0,0,2234,0,2234
Bahamas,"North America",37,136,3,0,13912,2,0,0,9,147,0,60,0,0,0,1,1,0,0,0,0,946,23,0,8,4,0,13,0,104,0,0,0,0,0,21,0,45,5,15,3,0,0,28,8,39,2,0,0,0,0,0,0,0,0,0,0,7,0,0,21,0,1,1,0,4,1,0,0,0,0,0,0,0,0,0,0,0,0,0,0,0,0,15607,0,15607
Barbados,"North America",9,59,0,2,7168,1717,0,0,26,47,0,26,0,0,0,0,0,0,0,2,0,161,2,0,1,9,0,20,0,36,0,0,0,0,0,4,2,45,3,10,0,0,0,10,3,10,0,0,0,0,0,0,0,0,0,0,0,6,6,0,20,0,1,0,0,3,0,0,0,0,0,0,0,0,0,0,0,0,0,0,0,0,0,9408,0,9408
Belize,"North America",4,81,0,3,4017,0,0,0,99,47,0,61,0,0,0,0,0,0,0,0,0,119,7,0,6,5,0,10,1,9,0,0,20,172,0,5,2,42,2,12,1,0,0,0,0,11,0,0,0,0,0,0,0,0,0,0,0,1,0,0,0,0,0,0,0,4,3,0,0,0,0,0,0,0,0,0,0,0,1,0,0,0,0,4745,0,4745
Canada,"North America",204,97,2,87,345,10,0,0,1,16,0,0,1,0,1,450,2615,0,0,40,0,296,23,0,31,32,0,552,1,71,0,0,1,1,0,136,31,160,66,818,44,3,0,131,241,11,4,0,0,696,0,4,2,16,0,0,0,22,10,16,37,1,13,3,2,19,7,0,0,0,97,26,0,0,0,0,0,0,1,1,0,0,0,7495,0,7495
"Costa Rica","North America",24,227,0,20,58139,8,0,0,87,208,0,68,0,0,0,11,14,0,0,0,0,505,21,0,10,14,0,126,0,97,0,0,89,166,1,55,26,489,60,114,34,3,0,311,234,16,0,0,0,0,0,0,0,0,0,0,0,21,3,11,8,0,0,2,0,16,2,0,0,0,0,2,0,0,0,0,0,0,1,0,5,0,0,61248,0,61248
Cuba,"North America",124,146,1,1946,2126,17089,0,0,12,19,0,0,0,0,44,0,1,0,0,0,0,24,1,0,103,307,0,50,0,4,0,0,0,0,0,3,64,65,6,180,27,2,0,4,3,3,0,0,0,0,0,0,0,0,0,0,0,14,11,1,258,1,152,4,0,0,1,0,0,0,0,1,0,0,0,0,0,0,0,0,0,0,0,22797,0,22797
Dominica,"North America",1,23,0,2,927,158,0,0,11,23,0,1,0,0,0,0,0,0,0,0,0,87,0,0,2,0,0,4,1,10,0,0,0,0,0,2,0,8,0,1,1,0,0,2,1,2,0,0,0,0,0,0,0,0,0,0,0,0,0,0,8,0,0,0,0,0,0,0,0,0,0,0,0,0,0,0,0,0,0,0,0,0,0,1275,0,1275
"Dominican Republic","North America",26,355,7,291,85140,21,0,0,169,365,0,46,0,0,31,0,7,0,0,0,0,939,26,0,10,15,0,75,12,125,0,0,89,143,2,56,226,1623,26,1222,370,4,3,73,83,22,0,0,0,2,0,0,0,0,0,0,0,27,2,5,1247,1,6,81,0,37,10,0,0,0,0,4,0,0,0,0,0,0,1,1,45,0,0,93071,0,93071
"El Salvador","North America",93,705,2,301,56287,236,0,0,137,356,0,238,0,0,0,0,1,0,0,1,0,491,21,0,39,80,1,67,6,72,0,0,66,541,2,31,27,257,21,180,49,2,2,58,74,24,2,0,0,0,0,0,0,0,0,0,0,6,0,5,67,0,25,1,0,24,4,0,0,0,0,7,0,0,16,1,5,0,4,11,217,6,6,60875,0,60875
Grenada,"North America",6,30,0,2,1482,348,0,0,7,85,0,24,0,0,0,0,0,0,0,0,0,57,0,0,5,3,0,7,0,18,0,0,0,0,0,1,0,26,0,4,0,0,0,0,0,2,0,0,0,0,0,0,0,0,0,0,0,0,1,0,0,0,0,0,0,1,0,0,0,0,0,0,0,0,0,0,0,0,0,0,1,0,0,2110,0,2110
Guatemala,"North America",83,365,4,148,48735,40,0,0,74,134,0,116,0,0,1,0,2,0,0,0,0,446,12,0,14,19,0,61,7,87,0,0,1426,2754,2,50,33,222,19,125,38,1,0,53,70,23,5,0,0,0,0,0,0,0,0,0,0,17,0,3,79,0,64,3,0,35,14,0,0,0,0,2,0,1,10,0,0,0,6,12,191,6,6,55618,0,55618
Haiti,"North America",53,223,2,14,34519,12,0,0,148,141,0,205,0,0,0,0,0,0,0,0,0,351,5,0,24,55,0,49,7,10,0,0,50,1,0,2,42,144,6,606,106,0,0,1,1,2,0,0,0,0,0,0,0,0,0,0,0,2,0,0,31,0,121,0,0,17,4,0,0,0,0,0,0,2,8,0,0,0,0,0,2,0,0,36966,0,36966
Honduras,"North America",36,578,2,890,35004,8005,0,0,189,1771,0,63,0,0,4,2,33,0,0,0,0,715,24,0,7,15,0,50,8,98,0,0,193,650,1,54,39,214,23,157,39,0,0,28,30,3,0,0,0,0,0,0,0,0,0,0,0,2,0,5,119,0,5,6,0,17,1,0,0,0,0,2,0,1,13,0,0,0,4,1,208,0,2,49311,0,49311
Jamaica,"North America",21,185,1,235,83483,22,0,0,151,1009,0,234,0,0,0,0,6,0,0,1,0,1035,31,0,10,40,0,47,4,153,0,0,2,7199,1,49,21,5842,154,418,113,2,0,31,27,22,1,0,0,0,0,0,0,0,0,0,0,35,155,0,122,0,129,4,0,14,11,0,0,0,0,0,0,0,0,0,0,0,0,0,5,0,0,101025,0,101025
Mexico,"North America",547,2684,28,4173,31009,1144,1166668,37208,320,2843,0,22,0,0,18,1139,2580,0,0,7,0,17636,676,63,130,224,0,907,16,2894,0,0,102174,51301,43,2493,762,9044,451,1357,296,15,8,4678,6094,308,34,0,0,4,0,0,0,0,0,0,0,452,773,145,3500,1,160,101,160,387,57,0,0,0,12996,7717,0,5,25,4,1,1,64,53,460,26,23,1479109,0,1479109
Nicaragua,"North America",38,67,3,262,16768,385,0,0,446,361,0,136,0,0,1,0,0,0,0,0,0,168,4,0,10,16,0,64,11,26,0,0,363,95,0,19,29,126,9,120,21,3,0,12,4,4,0,0,0,0,0,0,0,0,0,0,0,3,0,3,25,0,12,0,0,8,0,0,0,0,0,1,0,0,5,0,0,0,0,3,25,0,0,19656,0,19656
Panama,"North America",31,683,3,113,30016,27,0,0,87,768,0,124,0,0,0,0,15,0,0,1,0,1139,9,0,16,43,0,39,2,56,0,0,0,40,3,19,23,536,17,42,12,0,0,21,22,58,3,0,0,0,0,0,0,0,0,1,0,2,0,1,50,0,0,8,0,4,0,0,0,0,0,1,0,0,0,0,0,0,1,0,0,0,0,34036,0,34036
"Saint Kitts and Nevis","North America",3,23,0,0,1541,310,0,0,10,4,0,7,0,0,0,0,0,0,0,0,0,69,4,0,4,0,0,8,0,5,0,0,0,0,0,1,1,7,1,0,0,0,0,1,4,1,0,0,0,0,0,0,0,0,0,0,0,0,0,0,0,0,0,0,0,1,0,0,0,0,0,0,0,0,0,0,0,0,0,0,0,0,0,2005,0,2005
"Saint Lucia","North America",3,13,0,22,2344,528,0,0,20,300,0,6,0,0,0,0,0,0,0,0,0,61,4,0,0,6,1,4,0,17,0,0,0,0,0,1,0,21,3,7,1,0,0,1,3,2,0,0,0,0,0,0,0,0,0,0,0,0,0,0,0,0,5,0,0,0,0,0,0,0,0,0,0,0,0,0,0,0,0,0,0,0,0,3373,0,3373
"Saint Vincent and the Grenadines","North America",4,49,0,146,1308,253,0,0,19,220,0,16,0,0,0,0,0,0,0,0,0,30,0,0,0,1,0,4,0,6,0,0,0,0,0,3,0,7,2,2,1,0,0,0,1,2,0,0,0,0,0,0,0,0,0,0,0,1,0,0,4,0,0,0,0,0,1,0,0,0,0,0,0,0,0,0,0,0,0,0,0,0,0,2080,0,2080
"Trinidad and Tobago","North America",66,214,2,316,24671,14,0,0,66,189,0,92,0,0,0,0,24,0,0,0,0,448,15,0,15,19,0,136,2,158,0,0,0,0,0,39,2,138,16,41,5,1,1,141,121,42,0,0,0,0,0,0,0,0,0,0,0,15,13,0,108,1,157,4,0,11,5,0,0,0,0,0,0,0,0,0,0,0,0,0,2,0,0,27310,0,27310
Australia,Oceania,139,3751,2,104,8359,38,0,0,28,2209,0,285,1,0,1,33,393,0,5527,3030,1324,2603,102,0,45,72,0,222,0,373,0,0,25,58,9,210,269,5588,309,290,12,1,0,1367,1318,222,26,0,0,2,0,0,0,0,0,0,0,724,206,130,706,3,32,42,0,72,16,0,0,0,0,12,0,0,0,0,0,0,0,0,0,0,0,40290,0,40290
Fiji,Oceania,15,77,1,9,3980,13,0,0,242,141,0,68,0,0,0,0,0,0,0,2,0,32,0,0,9,7,0,65,1,4,0,0,0,0,0,6,0,38,4,7,4,0,0,1,4,1,0,0,0,0,0,0,0,0,0,0,0,1,0,0,0,0,0,0,0,9,0,0,0,0,0,0,0,0,0,0,0,0,0,0,0,0,1,4742,0,4742
Kiribati,Oceania,13,47,0,1,68,0,0,0,8,364,0,12,0,0,0,0,0,0,0,0,0,5,0,0,0,1,0,7,0,3,0,0,0,0,0,0,1,16,1,1,0,0,0,0,0,0,0,0,0,0,0,0,0,0,0,0,0,0,0,0,5,0,0,0,0,4,0,0,0,0,0,0,0,0,0,0,0,0,0,0,0,0,0,557,0,557
"Marshall Islands",Oceania,6,3,0,1,11,1,0,0,23,0,0,0,0,0,0,0,0,0,0,0,0,2,0,0,1,0,0,5,0,0,0,0,0,0,0,0,0,4,0,0,0,0,0,0,0,0,0,0,0,0,0,0,0,0,0,0,0,0,0,0,0,0,0,0,0,0,0,0,0,0,0,0,0,0,0,0,0,0,0,0,0,0,0,57,0,57
Micronesia,Oceania,1,0,0,0,2,0,0,0,1,0,0,0,0,0,0,0,0,0,0,0,0,0,0,0,0,0,0,0,0,0,0,0,0,0,0,0,0,1,0,0,0,0,0,0,0,0,0,0,0,0,0,0,0,0,0,0,0,0,0,0,0,0,0,0,0,0,0,0,0,0,0,0,0,0,0,0,0,0,0,0,0,0,0,5,0,5
Nauru,Oceania,4,9,0,1,17,0,0,0,0,0,0,4,0,0,0,0,0,0,0,0,0,0,0,0,2,1,0,0,0,0,0,0,0,0,0,0,0,2,0,0,0,0,0,0,0,0,0,0,0,0,0,0,0,0,0,0,0,0,0,0,0,0,0,0,0,0,0,0,0,0,0,0,0,0,0,0,0,0,0,0,0,0,0,40,0,40
"New Zealand",Oceania,34,969,1,33,2673,36,0,0,6,709,0,560,0,0,0,2,8,0,0,45,0,643,23,0,32,86,0,77,1,199,0,0,81,36,3,81,84,2045,75,77,4,0,0,317,328,44,3,0,0,2,0,0,0,0,0,0,0,154,34,41,185,3,9,10,0,55,0,0,0,0,0,1,0,0,0,0,0,0,0,0,0,0,0,9809,0,9809
Palau,Oceania,6,6,0,0,16,0,0,0,0,0,0,0,0,0,0,0,0,0,0,0,0,0,0,0,2,1,0,0,0,0,0,0,0,0,0,0,0,0,0,0,0,0,0,0,0,0,0,0,0,0,0,0,0,0,0,0,0,0,0,0,0,0,0,0,0,0,0,0,0,0,0,0,0,0,0,0,0,0,0,0,0,0,0,31,0,31
"Papua New Guinea",Oceania,18,93,0,22,1186,15,0,0,25,0,0,22,0,0,1,0,0,0,0,0,0,85,6,0,15,36,0,5,1,0,0,0,0,0,0,0,1,31,6,0,0,0,0,0,0,11,0,0,0,0,0,0,0,0,0,0,0,0,1,0,0,0,0,0,0,3,0,0,0,0,0,0,0,0,0,0,0,0,0,0,0,0,0,1583,0,1583
Samoa,Oceania,3,30,1,63,836,53,0,0,5,92,0,13,0,0,0,0,0,0,0,0,0,2,0,0,0,6,0,3,0,0,0,0,0,0,0,0,0,27,1,3,0,0,0,0,0,0,0,0,0,0,0,0,0,0,0,0,0,0,0,0,0,0,0,0,0,41,1,0,0,0,0,0,0,0,0,0,0,0,0,0,0,0,0,1180,0,1180
"Solomon Islands",Oceania,1,9,0,0,110,3,0,0,17,0,0,3,0,0,0,0,0,0,0,0,0,1,0,0,0,10,0,2,0,0,0,0,0,0,0,0,1,10,0,0,0,0,0,0,0,0,0,0,0,0,0,0,0,0,0,0,0,0,0,0,0,0,0,0,0,0,0,0,0,0,0,0,0,0,0,0,0,0,0,0,0,0,0,167,0,167
Tonga,Oceania,3,42,1,1,2010,24,0,0,4,7,0,37,0,0,0,0,0,0,0,0,0,13,0,0,1,3,0,6,0,0,0,0,0,0,0,0,0,47,13,5,0,0,0,0,0,0,0,0,0,0,0,0,0,0,0,0,0,1,0,0,0,0,0,0,0,59,0,0,0,0,0,0,0,0,0,0,0,0,0,0,0,0,0,2277,0,2277
Tuvalu,Oceania,10,12,0,1,14,0,0,0,2,13,0,18,0,0,0,0,0,0,0,0,0,1,0,0,0,3,0,1,0,0,0,0,0,0,0,0,0,2,0,0,0,0,0,0,0,0,0,0,0,0,0,0,0,0,0,0,0,0,0,0,0,0,0,0,0,0,0,0,0,0,0,0,0,0,0,0,0,0,0,0,0,0,0,77,0,77
Vanuatu,Oceania,3,27,0,1,68,0,0,0,8,0,0,7,0,0,0,0,0,0,0,0,0,1,0,0,6,11,0,0,0,1,0,0,0,0,0,0,0,8,0,0,0,0,0,0,0,0,0,0,0,0,0,0,0,0,0,0,0,0,0,0,0,0,0,0,0,4,0,0,0,0,0,0,0,0,0,0,0,0,0,0,0,0,0,145,0,145
Argentina,"South America",107,799,1,148,240115,21,0,0,56,753,0,169,0,0,0,45,595,0,0,1,0,1450,126,0,34,193,0,423,7,399,0,0,4,81,7,232,122,3729,192,87,7,2,0,641,868,45,1,0,0,0,0,0,0,0,0,1,0,212,59,100,374,0,166,99,0,36,7,0,0,0,0,10,0,0,0,0,0,0,0,1,0,0,0,252525,0,252525
Bolivia,"South America",57,75,3,74,21182,3,0,0,55,170,0,42,0,0,0,2,3,0,0,0,0,475,13,0,15,41,0,194,14,80,0,0,0,0,0,35,13,316,17,40,6,0,0,28,32,16,0,0,0,0,0,0,0,0,0,0,0,6,0,7,31,0,54,1,0,7,0,0,0,0,0,1,0,1,2,0,0,0,2,0,5,0,0,23118,0,23118
Brazil,"South America",187,2719,18,3183,870008,119,0,0,160,2728,0,2698,0,0,3,9,154,0,0,5,0,14344,2444,0,102,233,0,427,30,1258,0,0,13,50,58,805,760,14274,1661,544,58,5,1,3406,4151,293,22,0,0,2,0,0,0,0,0,0,0,1011,169,317,1226,3,161,90,125,149,79,0,0,0,0,15,0,0,5,0,0,0,7,2,15,0,0,930306,0,930306
Chile,"South America",53,1357,0,236,3588,13,0,0,23,897,0,810,0,0,0,37,141,0,0,4,0,1924,375,0,37,97,0,146,8,164,500,0,16,33,1,473,64,2091,306,64,3,0,0,183,306,42,0,0,0,0,0,0,0,0,0,0,0,48,24,19,55,0,14,17,0,27,16,0,0,0,0,10,0,0,0,0,0,0,1,0,0,0,0,14223,0,14223
Colombia,"South America",112,3539,9,569,345233,46,0,0,290,1356,2,18,0,0,0,73,393,0,0,5,0,6267,316,0,61,56,0,397,45,718,0,0,0,1,5,295,107,4633,336,840,279,7,5,523,600,430,2,0,0,0,0,0,0,0,0,0,0,140,51,53,338,0,19,29,0,107,24,0,0,0,0,25,0,0,0,0,0,0,0,0,4,0,0,368358,0,368358
Ecuador,"South America",106,631,5,249,150458,14,0,0,285,446,0,80,0,0,11,2,35,0,0,0,0,1681,91,0,17,75,0,104,14,150,0,0,2,7,11,68,70,1963,53,180,48,2,0,80,75,158,0,0,0,0,0,0,0,0,0,0,0,21,0,6,25,0,32,0,1,22,1,0,0,0,0,6,0,0,4,2,3,0,6,8,122,0,0,157430,0,157430
Guyana,"South America",16,50,1,6,30060,38,0,0,71,198,0,65,0,0,1,0,0,0,0,0,0,96,1,0,0,0,0,23,0,9,0,0,0,0,0,2,5,24,3,55,10,4,0,2,2,10,0,0,0,0,0,0,0,0,0,0,0,0,0,0,0,0,0,0,0,5,0,0,0,0,0,0,0,0,0,0,0,0,0,0,0,0,0,30757,0,30757
Paraguay,"South America",30,203,3,199,10342,1,0,0,10,23,0,152,0,0,0,4,6,0,0,0,0,349,38,0,31,84,0,45,12,22,0,0,0,0,1,18,10,478,9,17,4,0,0,8,14,8,0,0,0,0,0,0,0,0,0,0,0,4,0,2,10,0,0,2,0,4,1,0,0,0,0,0,0,0,0,0,0,0,1,0,0,0,0,12145,0,12145
Peru,"South America",97,942,7,1289,97936,16,0,0,296,1738,0,199,0,0,1,0,10,0,0,0,0,1829,95,0,54,94,0,192,74,274,0,0,1019,23,2,110,92,4470,64,288,41,1,0,121,154,110,0,0,0,0,0,0,0,0,0,0,0,28,1,6,67,2,77,10,3,32,4,0,0,0,0,5,0,3,13,0,0,0,1,3,25,0,0,111918,0,111918
Suriname,"South America",10,55,0,2,5831,0,0,0,15,9,0,65,0,0,0,0,0,0,0,0,0,39,0,0,6,39,0,2,0,3,0,0,0,0,0,2,0,26,1,1,0,0,0,1,2,8,0,0,0,0,0,0,0,0,0,0,0,0,0,0,0,0,0,0,0,4,0,0,0,0,0,0,0,0,0,0,0,0,0,0,0,0,0,6121,0,6121
Uruguay,"South America",21,190,1,191,26551,7,0,0,7,102,0,1,0,0,0,0,10,0,0,0,0,193,16,0,32,14,1,117,6,51,0,0,38,0,1,10,11,226,29,12,1,0,0,39,67,3,0,0,0,0,0,0,0,0,0,0,0,24,2,3,34,0,2,2,0,3,0,0,0,0,0,3,0,0,0,0,0,0,0,0,0,0,0,28021,0,28021
Venezuela,"South America",47,47,1,1435,223854,124,0,0,82,556,0,3,0,0,6,1,456,0,0,2,0,5005,486,0,92,293,0,152,6,529,0,0,0,0,3,369,90,418,103,137,16,1,0,772,1199,85,8,0,0,0,0,0,0,0,0,1,0,177,271,137,717,8,3,177,0,25,11,0,0,0,0,18,0,0,0,0,0,0,0,0,3,0,0,237926,0,237926
"No Nationality",Unknown,0,0,1,19,2554,38,0,0,4,534,0,0,0,0,0,0,0,0,0,0,0,163,18,0,0,0,0,2,0,7,0,0,0,0,0,0,1,35,1,30,0,1,0,4,1,1,0,0,0,0,0,0,0,0,0,0,0,1,0,0,1,0,5,0,0,6,0,0,0,0,0,0,0,0,0,0,0,0,0,0,0,0,0,3427,0,3427
"United Nations Laissez.Passer",Unknown,0,0,0,0,0,0,0,0,0,0,0,0,0,0,0,0,0,0,0,0,0,0,0,0,0,0,0,107,0,0,0,0,0,0,0,0,0,0,0,0,0,0,0,0,0,0,0,0,0,0,0,0,0,0,0,0,0,0,0,0,0,0,0,0,0,0,0,0,0,0,0,0,0,0,0,0,0,0,0,0,0,0,0,107,0,107
"Totals for Unknown",Unknown,0,0,1,19,2554,38,0,0,4,534,0,0,0,0,0,0,0,0,0,0,0,163,18,0,0,0,0,109,0,7,0,0,0,0,0,0,1,35,1,30,0,1,0,4,1,1,0,0,0,0,0,0,0,0,0,0,0,1,0,0,1,0,5,0,0,6,0,0,0,0,0,0,0,0,0,0,0,0,0,0,0,0,0,3534,0,3534
